country_code,country,year,tax_revenue_pct_gdp
AUS,Australia,1965,20.603675
AUS,Australia,1966,19.826349
AUS,Australia,1967,20.403971
AUS,Australia,1968,20.337068
AUS,Australia,1969,20.676855
AUS,Australia,1970,21.068536
AUS,Australia,1971,21.819161
AUS,Australia,1972,21.376099
AUS,Australia,1973,22.464092
AUS,Australia,1974,24.60284
AUS,Australia,1975,25.33954
AUS,Australia,1976,25.519729
AUS,Australia,1977,25.386446
AUS,Australia,1978,24.494333
AUS,Australia,2006,29.264579
AUS,Australia,2007,29.3967
AUS,Australia,2008,26.722793
AUS,Australia,2009,25.39603
AUS,Australia,2010,25.148531
AUS,Australia,2011,25.776251
AUS,Australia,2012,26.806334
AUS,Australia,2013,26.961257
AUS,Australia,2014,27.159449
AUS,Australia,2015,27.78968
AUS,Australia,2016,27.537827
AUS,Australia,2017,28.5556
AUS,Australia,2018,28.611183
AUS,Australia,2019,27.697848
AUS,Australia,2020,28.292731
AUS,Australia,2021,29.2021
AUS,Australia,2022,29.312852
AUS,Australia,2023,29.867254
AUT,Austria,1965,33.640378
AUT,Austria,1966,34.335389
AUT,Austria,1967,34.23496
AUT,Austria,1968,34.283149
AUT,Austria,1969,34.736342
AUT,Austria,1970,33.718554
AUT,Austria,1971,34.394947
AUT,Austria,1972,34.814565
AUT,Austria,1973,34.985683
AUT,Austria,1974,35.965593
AUT,Austria,1975,36.477907
AUT,Austria,1976,36.347002
AUT,Austria,1977,36.692591
AUT,Austria,1978,38.842104
AUT,Austria,1979,38.244362
AUT,Austria,1980,38.72428
AUT,Austria,1981,39.802919
AUT,Austria,1982,38.573942
AUT,Austria,1983,38.263468
AUT,Austria,1984,39.930757
AUT,Austria,1985,40.594945
AUT,Austria,1986,40.498235
AUT,Austria,1987,40.116117
AUT,Austria,1988,40.117297
AUT,Austria,1989,39.098377
AUT,Austria,1990,39.480765
AUT,Austria,1991,39.934328
AUT,Austria,1992,41.473187
AUT,Austria,1993,41.886145
AUT,Austria,1994,41.91514
AUT,Austria,1995,41.422767
AUT,Austria,1996,42.872767
AUT,Austria,1997,43.652031
AUT,Austria,1998,43.671544
AUT,Austria,1999,43.234506
AUT,Austria,2000,42.509159
AUT,Austria,2001,44.10919
AUT,Austria,2002,43.012704
AUT,Austria,2003,42.665445
AUT,Austria,2004,42.24244
AUT,Austria,2005,41.252477
AUT,Austria,2006,40.661238
AUT,Austria,2007,40.845705
AUT,Austria,2008,41.662467
AUT,Austria,2009,41.250006
AUT,Austria,2010,41.270391
AUT,Austria,2011,41.437329
AUT,Austria,2012,42.132397
AUT,Austria,2013,43.138912
AUT,Austria,2014,43.295091
AUT,Austria,2015,43.653238
AUT,Austria,2016,42.248632
AUT,Austria,2017,42.313458
AUT,Austria,2018,42.66359
AUT,Austria,2019,42.912265
AUT,Austria,2020,42.377053
AUT,Austria,2021,43.515278
AUT,Austria,2022,42.952661
AUT,Austria,2023,42.610018
AUT,Austria,2024,43.374411
BEL,Belgium,1965,30.788952
BEL,Belgium,1966,32.898605
BEL,Belgium,1967,33.561401
BEL,Belgium,1968,34.381356
BEL,Belgium,1969,34.558146
BEL,Belgium,1970,33.424837
BEL,Belgium,1971,34.558698
BEL,Belgium,1972,34.407085
BEL,Belgium,1973,35.520439
BEL,Belgium,1974,36.406253
BEL,Belgium,1975,38.941659
BEL,Belgium,1976,39.141891
BEL,Belgium,1977,41.064216
BEL,Belgium,1978,41.642185
BEL,Belgium,1979,42.397346
BEL,Belgium,1980,40.725563
BEL,Belgium,1981,40.989897
BEL,Belgium,1982,42.208618
BEL,Belgium,1983,42.910059
BEL,Belgium,1984,43.627153
BEL,Belgium,1985,43.713704
BEL,Belgium,1986,43.461078
BEL,Belgium,1987,44.092512
BEL,Belgium,1988,42.774955
BEL,Belgium,1989,40.956822
BEL,Belgium,1990,41.392779
BEL,Belgium,1991,41.608089
BEL,Belgium,1992,41.180097
BEL,Belgium,1993,42.631693
BEL,Belgium,1994,42.912821
BEL,Belgium,1995,42.836707
BEL,Belgium,1996,43.351326
BEL,Belgium,1997,43.8118
BEL,Belgium,1998,44.436855
BEL,Belgium,1999,44.239347
BEL,Belgium,2000,43.849317
BEL,Belgium,2001,43.691582
BEL,Belgium,2002,43.912684
BEL,Belgium,2003,43.343817
BEL,Belgium,2004,43.471239
BEL,Belgium,2005,43.357161
BEL,Belgium,2006,43.218008
BEL,Belgium,2007,42.919729
BEL,Belgium,2008,43.593492
BEL,Belgium,2009,42.54399
BEL,Belgium,2010,42.869637
BEL,Belgium,2011,43.188828
BEL,Belgium,2012,44.129621
BEL,Belgium,2013,44.835401
BEL,Belgium,2014,44.523844
BEL,Belgium,2015,44.238048
BEL,Belgium,2016,43.454422
BEL,Belgium,2017,43.957834
BEL,Belgium,2018,43.866789
BEL,Belgium,2019,42.316291
BEL,Belgium,2020,41.927832
BEL,Belgium,2021,42.231397
BEL,Belgium,2022,41.557963
BEL,Belgium,2023,41.891726
BEL,Belgium,2024,42.571263
CAN,Canada,1965,25.020417
CAN,Canada,1966,26.026752
CAN,Canada,1967,27.005644
CAN,Canada,1968,27.784753
CAN,Canada,1969,29.893875
CAN,Canada,1970,29.910529
CAN,Canada,1971,29.445927
CAN,Canada,1972,29.960466
CAN,Canada,1973,29.554151
CAN,Canada,1974,32.060438
CAN,Canada,1975,31.151218
CAN,Canada,1976,30.5764
CAN,Canada,1977,29.821606
CAN,Canada,1978,29.549861
CAN,Canada,1979,29.339299
CAN,Canada,1980,30.323543
CAN,Canada,1981,32.510587
CAN,Canada,1982,32.322547
CAN,Canada,1983,31.760631
CAN,Canada,1984,31.709263
CAN,Canada,1985,31.613188
CAN,Canada,1986,32.351616
CAN,Canada,1987,33.312684
CAN,Canada,1988,33.032144
CAN,Canada,1989,34.126202
CAN,Canada,1990,35.071814
CAN,Canada,1991,35.503224
CAN,Canada,1992,35.066876
CAN,Canada,1993,34.443659
CAN,Canada,1994,34.403044
CAN,Canada,1995,34.628301
CAN,Canada,1996,34.940603
CAN,Canada,1997,35.791113
CAN,Canada,1998,35.710884
CAN,Canada,1999,35.487383
CAN,Canada,2000,34.672779
CAN,Canada,2001,34.08549
CAN,Canada,2002,33.080573
CAN,Canada,2003,32.699947
CAN,Canada,2004,32.712721
CAN,Canada,2005,32.660635
CAN,Canada,2006,32.724571
CAN,Canada,2007,32.4951
CAN,Canada,2008,31.234692
CAN,Canada,2009,32.346387
CAN,Canada,2010,31.006946
CAN,Canada,2011,30.802901
CAN,Canada,2012,31.177475
CAN,Canada,2013,31.131923
CAN,Canada,2014,31.266373
CAN,Canada,2015,32.820338
CAN,Canada,2016,33.258015
CAN,Canada,2017,33.044013
CAN,Canada,2018,33.482477
CAN,Canada,2019,33.081877
CAN,Canada,2020,34.445152
CAN,Canada,2021,34.800884
CAN,Canada,2022,33.878741
CAN,Canada,2023,34.785133
CAN,Canada,2024,34.90457
CHL,Chile,1990,16.774442
CHL,Chile,1991,17.665478
CHL,Chile,1992,18.332869
CHL,Chile,1993,18.527437
CHL,Chile,1994,18.279598
CHL,Chile,1995,18.175873
CHL,Chile,1996,19.408232
CHL,Chile,1997,18.876264
CHL,Chile,1998,18.739473
CHL,Chile,1999,17.978143
CHL,Chile,2000,18.718446
CHL,Chile,2001,18.903212
CHL,Chile,2002,18.939739
CHL,Chile,2003,18.626785
CHL,Chile,2004,19.111519
CHL,Chile,2005,20.834956
CHL,Chile,2006,22.114113
CHL,Chile,2007,22.847251
CHL,Chile,2008,21.402798
CHL,Chile,2009,17.397182
CHL,Chile,2010,19.692915
CHL,Chile,2011,21.19536
CHL,Chile,2012,21.323425
CHL,Chile,2013,19.939136
CHL,Chile,2014,19.699199
CHL,Chile,2015,20.50999
CHL,Chile,2016,20.223414
CHL,Chile,2017,20.222544
CHL,Chile,2018,21.281561
CHL,Chile,2019,20.981614
CHL,Chile,2020,19.290387
CHL,Chile,2021,22.330529
CHL,Chile,2022,23.910947
CHL,Chile,2023,20.632418
CHL,Chile,2024,20.479447
COL,Colombia,1990,11.347396
COL,Colombia,1991,13.318141
COL,Colombia,1992,13.909246
COL,Colombia,1993,14.372372
COL,Colombia,1994,15.744915
COL,Colombia,1995,16.032037
COL,Colombia,1996,16.707652
COL,Colombia,1997,17.381746
COL,Colombia,1998,16.352136
COL,Colombia,1999,16.203637
COL,Colombia,2000,15.682873
COL,Colombia,2001,17.328062
COL,Colombia,2002,17.153128
COL,Colombia,2003,17.291502
COL,Colombia,2004,17.968607
COL,Colombia,2005,18.258893
COL,Colombia,2006,19.26721
COL,Colombia,2007,19.29902
COL,Colombia,2008,19.031833
COL,Colombia,2009,18.816803
COL,Colombia,2010,18.096411
COL,Colombia,2011,18.93186
COL,Colombia,2012,19.720534
COL,Colombia,2013,20.022045
COL,Colombia,2014,19.55038
COL,Colombia,2015,19.902981
COL,Colombia,2016,19.078888
COL,Colombia,2017,18.983306
COL,Colombia,2018,19.2652
COL,Colombia,2019,19.692371
COL,Colombia,2020,18.772569
COL,Colombia,2021,19.193385
COL,Colombia,2022,19.634726
COL,Colombia,2023,22.075474
COL,Colombia,2024,19.865884
CRI,Costa Rica,1990,22.40795
CRI,Costa Rica,1991,17.593683
CRI,Costa Rica,1992,18.608705
CRI,Costa Rica,1993,18.79832
CRI,Costa Rica,1994,19.585529
CRI,Costa Rica,1995,18.926928
CRI,Costa Rica,1996,19.861611
CRI,Costa Rica,1997,20.153267
CRI,Costa Rica,1998,20.46613
CRI,Costa Rica,1999,21.199253
CRI,Costa Rica,2000,21.139049
CRI,Costa Rica,2001,21.763363
CRI,Costa Rica,2002,21.838883
CRI,Costa Rica,2003,21.842438
CRI,Costa Rica,2004,21.3257
CRI,Costa Rica,2005,21.769961
CRI,Costa Rica,2006,22.046621
CRI,Costa Rica,2007,23.136215
CRI,Costa Rica,2008,23.692235
CRI,Costa Rica,2009,22.108204
CRI,Costa Rica,2010,22.130919
CRI,Costa Rica,2011,22.649322
CRI,Costa Rica,2012,22.565042
CRI,Costa Rica,2013,22.978858
CRI,Costa Rica,2014,22.609397
CRI,Costa Rica,2015,22.947082
CRI,Costa Rica,2016,23.486038
CRI,Costa Rica,2017,22.984285
CRI,Costa Rica,2018,23.157173
CRI,Costa Rica,2019,23.408358
CRI,Costa Rica,2020,22.56603
CRI,Costa Rica,2021,24.845283
CRI,Costa Rica,2022,25.186252
CRI,Costa Rica,2023,24.93087
CRI,Costa Rica,2024,24.840079
CZE,Czechia,1993,36.473835
CZE,Czechia,1994,35.22984
CZE,Czechia,1995,34.255327
CZE,Czechia,1996,32.904661
CZE,Czechia,1997,33.204316
CZE,Czechia,1998,32.115549
CZE,Czechia,1999,32.912726
CZE,Czechia,2000,32.153865
CZE,Czechia,2001,32.249558
CZE,Czechia,2002,33.109061
CZE,Czechia,2003,33.981385
CZE,Czechia,2004,34.399089
CZE,Czechia,2005,34.204158
CZE,Czechia,2006,33.848056
CZE,Czechia,2007,34.128161
CZE,Czechia,2008,33.342091
CZE,Czechia,2009,32.159419
CZE,Czechia,2010,31.908665
CZE,Czechia,2011,32.758448
CZE,Czechia,2012,33.199181
CZE,Czechia,2013,33.498482
CZE,Czechia,2014,32.609582
CZE,Czechia,2015,32.945546
CZE,Czechia,2016,33.707133
CZE,Czechia,2017,33.982051
CZE,Czechia,2018,34.559433
CZE,Czechia,2019,34.203344
CZE,Czechia,2020,34.046209
CZE,Czechia,2021,33.654218
CZE,Czechia,2022,33.187171
CZE,Czechia,2023,33.242523
CZE,Czechia,2024,33.975018
DNK,Denmark,1965,29.124718
DNK,Denmark,1966,29.673285
DNK,Denmark,1967,30.15556
DNK,Denmark,1968,32.896541
DNK,Denmark,1969,32.506033
DNK,Denmark,1970,36.866166
DNK,Denmark,1971,39.863047
DNK,Denmark,1972,39.932202
DNK,Denmark,1973,39.120347
DNK,Denmark,1974,40.774439
DNK,Denmark,1975,37.67429
DNK,Denmark,1976,38.024334
DNK,Denmark,1977,38.801514
DNK,Denmark,1978,39.942561
DNK,Denmark,1979,41.021232
DNK,Denmark,1980,41.533247
DNK,Denmark,1981,41.391971
DNK,Denmark,1982,40.423856
DNK,Denmark,1983,43.014114
DNK,Denmark,1984,42.85283
DNK,Denmark,1985,45.045231
DNK,Denmark,1986,45.535764
DNK,Denmark,1987,46.8774
DNK,Denmark,1988,47.015695
DNK,Denmark,1989,45.487745
DNK,Denmark,1990,44.272068
DNK,Denmark,1991,43.674775
DNK,Denmark,1992,44.206227
DNK,Denmark,1993,45.556101
DNK,Denmark,1994,46.460164
DNK,Denmark,1995,46.602879
DNK,Denmark,1996,46.874619
DNK,Denmark,1997,46.827873
DNK,Denmark,1998,47.467572
DNK,Denmark,1999,48.044571
DNK,Denmark,2000,46.791959
DNK,Denmark,2001,45.935271
DNK,Denmark,2002,45.467523
DNK,Denmark,2003,45.692581
DNK,Denmark,2004,46.300168
DNK,Denmark,2005,47.885372
DNK,Denmark,2006,46.469574
DNK,Denmark,2007,46.488477
DNK,Denmark,2008,44.760782
DNK,Denmark,2009,44.736829
DNK,Denmark,2010,44.794345
DNK,Denmark,2011,44.867092
DNK,Denmark,2012,45.626218
DNK,Denmark,2013,45.970365
DNK,Denmark,2014,48.776284
DNK,Denmark,2015,46.487047
DNK,Denmark,2016,45.798566
DNK,Denmark,2017,45.456979
DNK,Denmark,2018,44.444864
DNK,Denmark,2019,47.146183
DNK,Denmark,2020,47.236682
DNK,Denmark,2021,47.470033
DNK,Denmark,2022,42.054919
DNK,Denmark,2023,43.991573
DNK,Denmark,2024,45.177061
EST,Estonia,1995,34.998487
EST,Estonia,1996,33.823645
EST,Estonia,1997,33.553451
EST,Estonia,1998,33.621668
EST,Estonia,1999,32.370353
EST,Estonia,2000,31.086526
EST,Estonia,2001,30.342508
EST,Estonia,2002,30.973222
EST,Estonia,2003,30.763328
EST,Estonia,2004,30.977894
EST,Estonia,2005,29.749833
EST,Estonia,2006,30.432101
EST,Estonia,2007,31.020974
EST,Estonia,2008,31.322846
EST,Estonia,2009,34.634398
EST,Estonia,2010,32.98484
EST,Estonia,2011,31.239115
EST,Estonia,2012,31.799285
EST,Estonia,2013,31.586751
EST,Estonia,2014,32.164128
EST,Estonia,2015,33.295385
EST,Estonia,2016,33.448355
EST,Estonia,2017,32.243994
EST,Estonia,2018,32.545951
EST,Estonia,2019,32.953889
EST,Estonia,2020,33.108601
EST,Estonia,2021,33.799808
EST,Estonia,2022,32.934567
EST,Estonia,2023,33.597961
EST,Estonia,2024,35.231248
FIN,Finland,1965,30.036392
FIN,Finland,1966,31.179348
FIN,Finland,1967,32.043129
FIN,Finland,1968,32.443114
FIN,Finland,1969,31.007748
FIN,Finland,1970,31.179753
FIN,Finland,1971,32.772829
FIN,Finland,1972,33.245201
FIN,Finland,1973,34.057744
FIN,Finland,1974,33.32272
FIN,Finland,1975,36.136215
FIN,Finland,1976,39.624152
FIN,Finland,1977,39.827474
FIN,Finland,1978,36.501782
FIN,Finland,1979,35.126388
FIN,Finland,1980,35.338106
FIN,Finland,1981,37.299943
FIN,Finland,1982,36.45302
FIN,Finland,1983,36.105919
FIN,Finland,1984,37.591984
FIN,Finland,1985,39.180325
FIN,Finland,1986,40.300503
FIN,Finland,1987,38.780022
FIN,Finland,1988,41.975727
FIN,Finland,1989,41.565309
FIN,Finland,1990,42.931689
FIN,Finland,1991,44.473209
FIN,Finland,1992,43.998424
FIN,Finland,1993,43.546315
FIN,Finland,1994,45.569715
FIN,Finland,1995,44.542629
FIN,Finland,1996,45.737764
FIN,Finland,1997,44.95504
FIN,Finland,1998,44.80823
FIN,Finland,1999,44.271612
FIN,Finland,2000,45.778166
FIN,Finland,2001,43.119222
FIN,Finland,2002,43.288871
FIN,Finland,2003,42.347443
FIN,Finland,2004,41.752288
FIN,Finland,2005,42.04268
FIN,Finland,2006,42.093358
FIN,Finland,2007,41.402445
FIN,Finland,2008,41.092287
FIN,Finland,2009,40.775305
FIN,Finland,2010,40.56137
FIN,Finland,2011,41.866383
FIN,Finland,2012,42.554073
FIN,Finland,2013,43.581969
FIN,Finland,2014,43.73321
FIN,Finland,2015,43.770933
FIN,Finland,2016,44.092492
FIN,Finland,2017,43.160841
FIN,Finland,2018,42.671784
FIN,Finland,2019,42.528866
FIN,Finland,2020,42.138527
FIN,Finland,2021,43.540866
FIN,Finland,2022,43.427208
FIN,Finland,2023,42.757873
FIN,Finland,2024,42.217254
FRA,France,1965,33.932325
FRA,France,1966,33.719763
FRA,France,1967,34.08171
FRA,France,1968,34.21188
FRA,France,1969,34.848454
FRA,France,1970,34.010864
FRA,France,1971,33.434588
FRA,France,1972,33.899244
FRA,France,1973,33.898735
FRA,France,1974,34.0135
FRA,France,1975,35.353074
FRA,France,1976,37.233801
FRA,France,1977,37.192917
FRA,France,1978,37.163606
FRA,France,1979,38.569554
FRA,France,1980,39.912812
FRA,France,1981,40.047628
FRA,France,1982,40.870255
FRA,France,1983,41.374808
FRA,France,1984,42.372474
FRA,France,1985,42.496537
FRA,France,1986,42.066348
FRA,France,1987,42.612017
FRA,France,1988,41.758536
FRA,France,1989,41.500124
FRA,France,1990,41.54999
FRA,France,1991,41.8922
FRA,France,1992,41.927806
FRA,France,1993,43.018144
FRA,France,1994,43.072
FRA,France,1995,42.697016
FRA,France,1996,43.831221
FRA,France,1997,43.963243
FRA,France,1998,43.797259
FRA,France,1999,44.517399
FRA,France,2000,43.666043
FRA,France,2001,43.548734
FRA,France,2002,42.853822
FRA,France,2003,42.659258
FRA,France,2004,42.815276
FRA,France,2005,43.141885
FRA,France,2006,43.522489
FRA,France,2007,42.920688
FRA,France,2008,42.737469
FRA,France,2009,42.109127
FRA,France,2010,42.237995
FRA,France,2011,43.318916
FRA,France,2012,44.460811
FRA,France,2013,45.329297
FRA,France,2014,45.406234
FRA,France,2015,45.3629
FRA,France,2016,45.396652
FRA,France,2017,46.238723
FRA,France,2018,46.021674
FRA,France,2019,45.023556
FRA,France,2020,45.239433
FRA,France,2021,45.059326
FRA,France,2022,45.855926
FRA,France,2023,43.854973
FRA,France,2024,43.462209
DEU,Germany,1965,31.673092
DEU,Germany,1966,32.259063
DEU,Germany,1967,32.281461
DEU,Germany,1968,32.233424
DEU,Germany,1969,33.93507
DEU,Germany,1970,31.576088
DEU,Germany,1971,32.069616
DEU,Germany,1972,33.560981
DEU,Germany,1973,35.039874
DEU,Germany,1974,34.89623
DEU,Germany,1975,34.330669
DEU,Germany,1976,35.303395
DEU,Germany,1977,36.674827
DEU,Germany,1978,36.67939
DEU,Germany,1979,36.394133
DEU,Germany,1980,36.444648
DEU,Germany,1981,35.871318
DEU,Germany,1982,35.553892
DEU,Germany,1983,35.576835
DEU,Germany,1984,35.724887
DEU,Germany,1985,36.094711
DEU,Germany,1986,35.834968
DEU,Germany,1987,36.296112
DEU,Germany,1988,35.955587
DEU,Germany,1989,36.232856
DEU,Germany,1990,34.803048
DEU,Germany,1991,34.746492
DEU,Germany,1992,35.593945
DEU,Germany,1993,35.649177
DEU,Germany,1994,36.018814
DEU,Germany,1995,36.210191
DEU,Germany,1996,35.532792
DEU,Germany,1997,35.241525
DEU,Germany,1998,35.400057
DEU,Germany,1999,35.943365
DEU,Germany,2000,36.017252
DEU,Germany,2001,34.758805
DEU,Germany,2002,34.166847
DEU,Germany,2003,34.291171
DEU,Germany,2004,34.061159
DEU,Germany,2005,34.091439
DEU,Germany,2006,34.616434
DEU,Germany,2007,35.097553
DEU,Germany,2008,35.581165
DEU,Germany,2009,36.402683
DEU,Germany,2010,35.171532
DEU,Germany,2011,35.878169
DEU,Germany,2012,36.622274
DEU,Germany,2013,36.950092
DEU,Germany,2014,36.894759
DEU,Germany,2015,37.302261
DEU,Germany,2016,37.788878
DEU,Germany,2017,37.76536
DEU,Germany,2018,38.413526
DEU,Germany,2019,38.624112
DEU,Germany,2020,38.125753
DEU,Germany,2021,39.053184
DEU,Germany,2022,38.659845
DEU,Germany,2023,37.294771
DEU,Germany,2024,38.021492
GRC,Greece,1965,17.374882
GRC,Greece,1966,18.62208
GRC,Greece,1967,19.520929
GRC,Greece,1968,20.218422
GRC,Greece,1969,19.966638
GRC,Greece,1970,19.490543
GRC,Greece,1971,19.306881
GRC,Greece,1972,19.190579
GRC,Greece,1973,17.651123
GRC,Greece,1974,18.511189
GRC,Greece,1975,18.968599
GRC,Greece,1976,20.611315
GRC,Greece,1977,20.913143
GRC,Greece,1978,20.869026
GRC,Greece,1979,21.631617
GRC,Greece,1980,21.042756
GRC,Greece,1981,21.202428
GRC,Greece,1982,23.930527
GRC,Greece,1983,24.334349
GRC,Greece,1984,24.893759
GRC,Greece,1985,24.903487
GRC,Greece,1986,26.142959
GRC,Greece,1987,26.605916
GRC,Greece,1988,24.006029
GRC,Greece,1989,23.267003
GRC,Greece,1990,25.54606
GRC,Greece,1991,25.648359
GRC,Greece,1992,26.491904
GRC,Greece,1993,26.944671
GRC,Greece,1994,27.212474
GRC,Greece,1995,28.712235
GRC,Greece,1996,29.125575
GRC,Greece,1997,30.496455
GRC,Greece,1998,31.816179
GRC,Greece,1999,33.083583
GRC,Greece,2000,34.67288
GRC,Greece,2001,32.966916
GRC,Greece,2002,34.09832
GRC,Greece,2003,32.362603
GRC,Greece,2004,31.241596
GRC,Greece,2005,32.605071
GRC,Greece,2006,31.565728
GRC,Greece,2007,32.270197
GRC,Greece,2008,32.236526
GRC,Greece,2009,31.173262
GRC,Greece,2010,32.386887
GRC,Greece,2011,34.22976
GRC,Greece,2012,37.192206
GRC,Greece,2013,36.614212
GRC,Greece,2014,36.929812
GRC,Greece,2015,37.158377
GRC,Greece,2016,39.221962
GRC,Greece,2017,39.615296
GRC,Greece,2018,40.108926
GRC,Greece,2019,39.100618
HUN,Hungary,1991,44.476127
HUN,Hungary,1992,44.208923
HUN,Hungary,1993,45.049984
HUN,Hungary,1994,42.595876
HUN,Hungary,1995,40.637339
HUN,Hungary,1996,39.273548
HUN,Hungary,1997,37.661921
HUN,Hungary,1998,37.401555
HUN,Hungary,1999,38.162037
HUN,Hungary,2000,38.474197
HUN,Hungary,2001,37.564738
HUN,Hungary,2002,37.373378
HUN,Hungary,2003,37.234093
HUN,Hungary,2004,36.953073
HUN,Hungary,2005,36.431792
HUN,Hungary,2006,36.381637
HUN,Hungary,2007,39.249335
HUN,Hungary,2008,39.356891
HUN,Hungary,2009,38.812138
HUN,Hungary,2010,36.903327
HUN,Hungary,2011,36.431546
HUN,Hungary,2012,39.004989
HUN,Hungary,2013,38.454697
HUN,Hungary,2014,38.336327
HUN,Hungary,2015,38.647362
HUN,Hungary,2016,38.928013
HUN,Hungary,2017,37.763305
HUN,Hungary,2018,36.65306
HUN,Hungary,2019,36.104553
HUN,Hungary,2020,35.701674
HUN,Hungary,2021,33.560588
HUN,Hungary,2022,35.149121
HUN,Hungary,2023,35.029253
HUN,Hungary,2024,34.353895
ISL,Iceland,1965,24.860266
ISL,Iceland,1970,26.049506
ISL,Iceland,1975,28.515344
ISL,Iceland,1980,28.177888
ISL,Iceland,1981,29.257738
ISL,Iceland,1982,29.525921
ISL,Iceland,1983,26.98414
ISL,Iceland,1984,28.163609
ISL,Iceland,1985,26.815514
ISL,Iceland,1986,27.014091
ISL,Iceland,1987,27.331757
ISL,Iceland,1988,29.781223
ISL,Iceland,1989,29.887953
ISL,Iceland,1990,29.454536
ISL,Iceland,1991,29.796784
ISL,Iceland,1992,30.596479
ISL,Iceland,1993,29.566001
ISL,Iceland,1994,29.128576
ISL,Iceland,1995,29.686845
ISL,Iceland,1996,30.805429
ISL,Iceland,1997,30.986213
ISL,Iceland,1998,33.129237
ISL,Iceland,1999,35.447615
ISL,Iceland,2000,35.447143
ISL,Iceland,2001,33.735873
ISL,Iceland,2002,33.450728
ISL,Iceland,2003,34.908961
ISL,Iceland,2004,36.031076
ISL,Iceland,2005,38.716513
ISL,Iceland,2006,39.247402
ISL,Iceland,2007,37.989115
ISL,Iceland,2008,34.081795
ISL,Iceland,2009,31.245175
ISL,Iceland,2010,31.882825
ISL,Iceland,2011,32.89605
ISL,Iceland,2012,33.600165
ISL,Iceland,2013,34.270286
ISL,Iceland,2014,36.904946
ISL,Iceland,2015,34.957534
ISL,Iceland,2016,49.844891
ISL,Iceland,2017,36.96119
ISL,Iceland,2018,36.073889
ISL,Iceland,2019,34.717066
ISL,Iceland,2020,35.64821
ISL,Iceland,2021,34.458211
ISL,Iceland,2022,34.925168
ISL,Iceland,2023,35.857046
ISL,Iceland,2024,36.948753
IRL,Ireland,1965,24.540979
IRL,Ireland,1966,26.508375
IRL,Ireland,1967,27.041479
IRL,Ireland,1968,27.460239
IRL,Ireland,1969,28.108751
IRL,Ireland,1970,27.603275
ISR,Israel,1995,33.946613
ISR,Israel,1996,33.524282
ISR,Israel,1997,34.213676
ISR,Israel,1998,33.266672
ISR,Israel,1999,33.187149
ISR,Israel,2000,34.010194
ISR,Israel,2001,33.755647
ISR,Israel,2002,32.944268
ISR,Israel,2003,32.264104
ISR,Israel,2004,32.324196
ISR,Israel,2005,32.666532
ISR,Israel,2006,33.311152
ISR,Israel,2007,33.220027
ISR,Israel,2008,31.322769
ISR,Israel,2009,29.124278
ISR,Israel,2010,30.092386
ISR,Israel,2011,30.309244
ISR,Israel,2012,29.468942
ISR,Israel,2013,30.328012
ISR,Israel,2014,30.641967
ISR,Israel,2015,31.034571
ISR,Israel,2016,30.998183
ISR,Israel,2017,32.19654
ISR,Israel,2018,30.761515
ISR,Israel,2019,30.148202
ISR,Israel,2020,29.755482
ISR,Israel,2021,32.501524
ISR,Israel,2022,32.907696
ISR,Israel,2023,29.833744
ISR,Israel,2024,30.877349
ITA,Italy,1980,28.557824
ITA,Italy,1981,29.675108
ITA,Italy,1982,31.7542
ITA,Italy,1983,33.637871
ITA,Italy,1984,32.814339
ITA,Italy,1985,32.33429
ITA,Italy,1986,33.828218
ITA,Italy,1987,33.91823
ITA,Italy,1988,34.455513
ITA,Italy,1989,35.383893
ITA,Italy,1990,36.187183
ITA,Italy,1991,36.581036
ITA,Italy,1992,38.83142
ITA,Italy,1993,40.4121
ITA,Italy,1994,38.49273
ITA,Italy,1995,38.366861
ITA,Italy,1996,40.082228
ITA,Italy,1997,41.469732
ITA,Italy,1998,39.836156
ITA,Italy,1999,40.709998
ITA,Italy,2000,40.054254
ITA,Italy,2001,39.956195
ITA,Italy,2002,39.659325
ITA,Italy,2003,39.884635
ITA,Italy,2004,39.26926
ITA,Italy,2005,39.09269
ITA,Italy,2006,40.125812
ITA,Italy,2007,41.493987
ITA,Italy,2008,41.359042
ITA,Italy,2009,41.994683
ITA,Italy,2010,41.688412
ITA,Italy,2011,41.600988
ITA,Italy,2012,43.522958
ITA,Italy,2013,43.763216
ITA,Italy,2014,43.272069
ITA,Italy,2015,42.962488
ITA,Italy,2016,42.178147
ITA,Italy,2017,41.887779
ITA,Italy,2018,41.682892
ITA,Italy,2019,42.315269
ITA,Italy,2020,42.650209
ITA,Italy,2021,42.141739
ITA,Italy,2022,42.010646
ITA,Italy,2023,41.523746
ITA,Italy,2024,42.752192
JPN,Japan,1965,17.263834
JPN,Japan,1966,16.731788
JPN,Japan,1967,17.194996
JPN,Japan,1968,17.42521
JPN,Japan,1969,17.739131
JPN,Japan,1970,18.608818
JPN,Japan,1971,18.889037
JPN,Japan,1972,19.511917
JPN,Japan,1973,21.157701
JPN,Japan,1974,21.691312
JPN,Japan,1975,19.781577
JPN,Japan,1976,20.57527
JPN,Japan,1977,21.106598
JPN,Japan,1978,22.693658
JPN,Japan,1979,23.098373
JPN,Japan,1980,24.031693
JPN,Japan,1981,24.656473
JPN,Japan,1982,25.120374
JPN,Japan,1983,25.540483
JPN,Japan,1984,25.689028
JPN,Japan,1985,25.919637
JPN,Japan,1986,26.861798
JPN,Japan,1987,27.712492
JPN,Japan,1988,28.162101
JPN,Japan,1989,28.431592
JPN,Japan,1990,27.690182
JPN,Japan,1991,27.355992
JPN,Japan,1992,25.857992
JPN,Japan,1993,25.843828
JPN,Japan,1994,25.001284
JPN,Japan,1995,25.401185
JPN,Japan,1996,25.342517
JPN,Japan,1997,25.735515
JPN,Japan,1998,25.25886
JPN,Japan,1999,24.802498
JPN,Japan,2000,25.330599
JPN,Japan,2001,25.526535
JPN,Japan,2002,24.498194
JPN,Japan,2003,24.131396
JPN,Japan,2004,24.75624
JPN,Japan,2005,25.824432
JPN,Japan,2006,26.614641
JPN,Japan,2007,27.154861
JPN,Japan,2008,27.042872
JPN,Japan,2009,25.680642
JPN,Japan,2010,26.237194
JPN,Japan,2011,27.12875
JPN,Japan,2012,27.949113
JPN,Japan,2013,28.609005
JPN,Japan,2014,29.973182
JPN,Japan,2015,30.220231
JPN,Japan,2016,30.254389
JPN,Japan,2017,30.916262
JPN,Japan,2018,31.548441
JPN,Japan,2019,31.507157
JPN,Japan,2020,32.911151
JPN,Japan,2021,33.877709
JPN,Japan,2022,34.546551
JPN,Japan,2023,33.733304
KOR,Korea,1997,18.310899
KOR,Korea,1998,18.27848
KOR,Korea,1999,18.548059
KOR,Korea,2000,20.169961
KOR,Korea,2001,20.457796
KOR,Korea,2002,20.56527
KOR,Korea,2003,21.212274
KOR,Korea,2004,20.403754
KOR,Korea,2005,20.835019
KOR,Korea,2006,21.765326
KOR,Korea,2007,22.790797
KOR,Korea,2008,22.627359
KOR,Korea,2009,21.799235
KOR,Korea,2010,21.455349
KOR,Korea,2011,22.222865
KOR,Korea,2012,22.685045
KOR,Korea,2013,22.109845
KOR,Korea,2014,22.302801
KOR,Korea,2015,22.608251
KOR,Korea,2016,23.499495
KOR,Korea,2017,24.064825
KOR,Korea,2018,25.239384
KOR,Korea,2019,25.678059
KOR,Korea,2020,26.157822
KOR,Korea,2021,27.862658
KOR,Korea,2022,29.747074
KOR,Korea,2023,26.871141
KOR,Korea,2024,25.333638
LVA,Latvia,1995,31.35073
LVA,Latvia,1996,30.212388
LVA,Latvia,1997,31.567861
LVA,Latvia,1998,32.707562
LVA,Latvia,1999,31.981005
LVA,Latvia,2000,29.966099
LVA,Latvia,2001,29.134197
LVA,Latvia,2002,28.745974
LVA,Latvia,2003,28.723354
LVA,Latvia,2004,28.76482
LVA,Latvia,2005,28.997012
LVA,Latvia,2006,30.168181
LVA,Latvia,2007,29.748784
LVA,Latvia,2008,29.263796
LVA,Latvia,2009,28.916628
LVA,Latvia,2010,29.193261
LVA,Latvia,2011,30.1937
LVA,Latvia,2012,30.301314
LVA,Latvia,2013,30.558283
LVA,Latvia,2014,30.859633
LVA,Latvia,2015,30.897695
LVA,Latvia,2016,31.88395
LVA,Latvia,2017,32.311373
LVA,Latvia,2018,31.692658
LVA,Latvia,2019,32.448202
LVA,Latvia,2020,32.45463
LVA,Latvia,2021,32.045652
LVA,Latvia,2022,32.795716
LVA,Latvia,2023,32.508562
LVA,Latvia,2024,34.90567
LTU,Lithuania,1995,27.463574
LTU,Lithuania,1996,27.109371
LTU,Lithuania,1997,31.095841
LTU,Lithuania,1998,32.616754
LTU,Lithuania,1999,32.512513
LTU,Lithuania,2000,30.752799
LTU,Lithuania,2001,29.301317
LTU,Lithuania,2002,28.982439
LTU,Lithuania,2003,28.620821
LTU,Lithuania,2004,28.87776
LTU,Lithuania,2005,29.225538
LTU,Lithuania,2006,30.232477
LTU,Lithuania,2007,30.037182
LTU,Lithuania,2008,30.589499
LTU,Lithuania,2009,30.16623
LTU,Lithuania,2010,28.764983
LTU,Lithuania,2011,27.484704
LTU,Lithuania,2012,27.173283
LTU,Lithuania,2013,27.182728
LTU,Lithuania,2014,27.774461
LTU,Lithuania,2015,29.016897
LTU,Lithuania,2016,29.828777
LTU,Lithuania,2017,29.551668
LTU,Lithuania,2018,29.878515
LTU,Lithuania,2019,30.255258
LTU,Lithuania,2020,31.227014
LTU,Lithuania,2021,32.002897
LTU,Lithuania,2022,31.730208
LTU,Lithuania,2023,32.081225
LTU,Lithuania,2024,33.129851
LUX,Luxembourg,1965,27.279263
LUX,Luxembourg,1966,27.015409
LUX,Luxembourg,1967,27.685253
LUX,Luxembourg,1968,26.765708
LUX,Luxembourg,1969,26.928698
LUX,Luxembourg,1970,23.274043
LUX,Luxembourg,1971,25.458646
LUX,Luxembourg,1972,25.981456
LUX,Luxembourg,1973,26.34564
LUX,Luxembourg,1974,27.226477
LUX,Luxembourg,1975,32.47931
LUX,Luxembourg,1976,32.661458
LUX,Luxembourg,1977,36.181663
LUX,Luxembourg,1978,36.840605
MEX,Mexico,1980,13.498443
MEX,Mexico,1981,13.129395
MEX,Mexico,1982,13.371237
MEX,Mexico,1983,14.917892
MEX,Mexico,1984,14.501507
MEX,Mexico,1985,14.143906
MEX,Mexico,1986,13.494546
MEX,Mexico,1987,14.352085
MEX,Mexico,1988,13.837955
MEX,Mexico,1989,14.348896
MEX,Mexico,1990,11.519286
MEX,Mexico,1991,11.677452
MEX,Mexico,1992,12.196285
MEX,Mexico,1993,11.335422
MEX,Mexico,1994,11.442386
MEX,Mexico,1995,9.575423
MEX,Mexico,1996,9.426176
MEX,Mexico,1997,10.037789
MEX,Mexico,1998,10.354366
MEX,Mexico,1999,11.152072
MEX,Mexico,2000,10.934289
MEX,Mexico,2001,11.591207
MEX,Mexico,2002,12.009856
MEX,Mexico,2003,12.071277
MEX,Mexico,2004,11.033848
MEX,Mexico,2005,10.865259
MEX,Mexico,2006,11.077766
MEX,Mexico,2007,11.472824
MEX,Mexico,2008,12.040025
MEX,Mexico,2009,11.893907
MEX,Mexico,2010,12.286831
MEX,Mexico,2011,12.262839
MEX,Mexico,2012,12.104848
MEX,Mexico,2013,12.772797
MEX,Mexico,2014,13.200604
MEX,Mexico,2015,15.359818
MEX,Mexico,2016,16.105532
MEX,Mexico,2017,15.650512
MEX,Mexico,2018,15.708894
MEX,Mexico,2019,15.905111
MEX,Mexico,2020,17.223983
MEX,Mexico,2021,16.681731
MEX,Mexico,2022,16.764848
MEX,Mexico,2023,17.730527
MEX,Mexico,2024,18.280109
NLD,Netherlands,1979,39.398377
NLD,Netherlands,1980,39.689126
NLD,Netherlands,1981,38.860403
NLD,Netherlands,1982,39.51152
NLD,Netherlands,1983,40.58765
NLD,Netherlands,1984,38.906837
NLD,Netherlands,1985,39.226527
NLD,Netherlands,1986,39.841459
NLD,Netherlands,1987,42.059216
NLD,Netherlands,1988,42.019178
NLD,Netherlands,1989,39.632339
NLD,Netherlands,1990,39.639333
NLD,Netherlands,1991,41.666342
NLD,Netherlands,1992,41.327745
NLD,Netherlands,1993,41.520021
NLD,Netherlands,1994,39.674447
NLD,Netherlands,1995,37.193289
NLD,Netherlands,1996,37.272441
NLD,Netherlands,1997,36.737174
NLD,Netherlands,1998,36.20387
NLD,Netherlands,1999,37.097131
NLD,Netherlands,2000,36.892375
NLD,Netherlands,2001,35.534154
NLD,Netherlands,2002,34.890963
NLD,Netherlands,2003,34.662974
NLD,Netherlands,2004,34.65921
NLD,Netherlands,2005,34.87133
NLD,Netherlands,2006,35.868781
NLD,Netherlands,2007,35.478303
NLD,Netherlands,2008,35.720153
NLD,Netherlands,2009,34.643027
NLD,Netherlands,2010,35.443733
NLD,Netherlands,2011,35.137566
NLD,Netherlands,2012,35.302447
NLD,Netherlands,2013,35.832305
NLD,Netherlands,2014,36.660787
NLD,Netherlands,2015,36.521329
NLD,Netherlands,2016,37.773874
NLD,Netherlands,2017,38.04579
NLD,Netherlands,2018,38.144075
NLD,Netherlands,2019,38.472969
NLD,Netherlands,2020,39.022099
NLD,Netherlands,2021,38.264035
NLD,Netherlands,2022,38.065746
NLD,Netherlands,2023,39.264169
NLD,Netherlands,2024,38.541274
NZL,New Zealand,1965,24.980107
NZL,New Zealand,1966,25.723093
NZL,New Zealand,1967,27.830968
NZL,New Zealand,1968,24.169289
NZL,New Zealand,1969,25.294985
NZL,New Zealand,1970,27.038276
NZL,New Zealand,1971,27.031364
NZL,New Zealand,1972,26.650997
NZL,New Zealand,1973,27.97544
NZL,New Zealand,1974,30.50544
NZL,New Zealand,1975,30.307368
NZL,New Zealand,1976,29.752202
NZL,New Zealand,1977,31.813067
NZL,New Zealand,1978,30.433728
NZL,New Zealand,1979,31.297835
NZL,New Zealand,1980,31.529519
NZL,New Zealand,1981,32.251432
NZL,New Zealand,1982,32.774647
NZL,New Zealand,1983,30.43825
NZL,New Zealand,1984,30.602623
NZL,New Zealand,1985,31.550259
NZL,New Zealand,1986,31.996238
NZL,New Zealand,1987,35.03802
NZL,New Zealand,1988,34.545312
NZL,New Zealand,1989,36.819404
NZL,New Zealand,1990,36.165168
NZL,New Zealand,1991,34.364958
NZL,New Zealand,1992,34.752297
NZL,New Zealand,1993,34.868826
NZL,New Zealand,1994,35.437501
NZL,New Zealand,1995,35.56084
NZL,New Zealand,1996,33.766221
NZL,New Zealand,1997,33.893136
NZL,New Zealand,1998,32.2877
NZL,New Zealand,1999,32.324008
NZL,New Zealand,2000,32.53852
NZL,New Zealand,2001,31.956319
NZL,New Zealand,2002,33.243425
NZL,New Zealand,2003,33.166401
NZL,New Zealand,2004,34.201514
NZL,New Zealand,2005,36.092009
NZL,New Zealand,2006,35.301596
NZL,New Zealand,2007,33.899687
NZL,New Zealand,2008,32.83968
NZL,New Zealand,2009,30.152923
NZL,New Zealand,2010,30.230403
NZL,New Zealand,2011,30.044193
NZL,New Zealand,2012,31.583198
NZL,New Zealand,2013,30.442208
NZL,New Zealand,2014,31.157956
NZL,New Zealand,2015,31.477226
NZL,New Zealand,2016,31.379979
NZL,New Zealand,2017,31.324914
NZL,New Zealand,2018,32.17583
NZL,New Zealand,2019,31.362629
NZL,New Zealand,2020,33.673674
NZL,New Zealand,2021,34.38216
NZL,New Zealand,2022,32.577519
NZL,New Zealand,2023,33.726064
NZL,New Zealand,2024,32.891771
NOR,Norway,1988,41.436174
NOR,Norway,1989,39.741701
NOR,Norway,1990,40.447096
NOR,Norway,1991,40.575152
NOR,Norway,1992,39.742809
NOR,Norway,1993,38.865865
NOR,Norway,1994,40.164303
NOR,Norway,1995,39.583528
NOR,Norway,1996,39.503087
NOR,Norway,1997,40.297983
NOR,Norway,1998,41.409989
NOR,Norway,1999,41.719971
NOR,Norway,2000,41.796344
NOR,Norway,2001,42.000679
NOR,Norway,2002,42.331689
NOR,Norway,2003,41.632232
NOR,Norway,2004,42.362522
NOR,Norway,2005,42.552291
NOR,Norway,2006,42.685801
NOR,Norway,2007,41.970084
NOR,Norway,2008,41.169429
NOR,Norway,2009,41.077144
NOR,Norway,2010,41.735643
NOR,Norway,2011,41.811448
NOR,Norway,2012,41.290384
NOR,Norway,2013,39.718995
NOR,Norway,2014,38.637494
NOR,Norway,2015,38.337311
NOR,Norway,2016,38.807266
NOR,Norway,2017,38.601392
NOR,Norway,2018,39.25299
NOR,Norway,2019,39.854437
NOR,Norway,2020,38.71414
NOR,Norway,2021,41.343884
NOR,Norway,2022,43.289624
NOR,Norway,2023,41.630843
NOR,Norway,2024,40.190578
OECD_REP,OECD average country,1965,24.862842
OECD_REP,OECD average country,1966,25.393286
OECD_REP,OECD average country,1967,26.279448
OECD_REP,OECD average country,1968,26.535413
OECD_REP,OECD average country,1969,27.085405
OECD_REP,OECD average country,1970,26.728493
OECD_REP,OECD average country,1971,27.297542
OECD_REP,OECD average country,1972,26.929262
OECD_REP,OECD average country,1973,27.090628
OECD_REP,OECD average country,1974,27.905965
OECD_REP,OECD average country,1975,28.639271
OECD_REP,OECD average country,1976,29.516288
OECD_REP,OECD average country,1977,30.190866
OECD_REP,OECD average country,1978,30.094709
OECD_REP,OECD average country,1979,30.002291
OECD_REP,OECD average country,1980,30.036425
OECD_REP,OECD average country,1981,30.688409
OECD_REP,OECD average country,1982,31.069288
OECD_REP,OECD average country,1983,31.24273
OECD_REP,OECD average country,1984,31.272183
OECD_REP,OECD average country,1985,31.54526
OECD_REP,OECD average country,1986,32.094149
OECD_REP,OECD average country,1987,32.548301
OECD_REP,OECD average country,1988,32.528482
OECD_REP,OECD average country,1989,32.30659
OECD_REP,OECD average country,1990,30.800551
OECD_REP,OECD average country,1991,31.231741
OECD_REP,OECD average country,1992,31.539254
OECD_REP,OECD average country,1993,31.919283
OECD_REP,OECD average country,1994,31.949668
OECD_REP,OECD average country,1995,32.110532
OECD_REP,OECD average country,1996,32.319521
OECD_REP,OECD average country,1997,32.577931
OECD_REP,OECD average country,1998,32.731036
OECD_REP,OECD average country,1999,32.973538
OECD_REP,OECD average country,2000,32.920684
OECD_REP,OECD average country,2001,32.455404
OECD_REP,OECD average country,2002,32.279679
OECD_REP,OECD average country,2003,32.165955
OECD_REP,OECD average country,2004,32.166361
OECD_REP,OECD average country,2005,32.637446
OECD_REP,OECD average country,2006,32.765959
OECD_REP,OECD average country,2007,32.859204
OECD_REP,OECD average country,2008,32.245178
OECD_REP,OECD average country,2009,31.4849
OECD_REP,OECD average country,2010,31.521879
OECD_REP,OECD average country,2011,31.896536
OECD_REP,OECD average country,2012,32.361806
OECD_REP,OECD average country,2013,32.644055
OECD_REP,OECD average country,2014,32.857738
OECD_REP,OECD average country,2015,32.922138
OECD_REP,OECD average country,2016,33.557727
OECD_REP,OECD average country,2017,33.316045
OECD_REP,OECD average country,2018,33.419623
OECD_REP,OECD average country,2019,33.349741
OECD_REP,OECD average country,2020,33.464218
OECD_REP,OECD average country,2021,34.022313
OECD_REP,OECD average country,2022,33.964269
OECD_REP,OECD average country,2023,33.731464
OECD_REP,OECD average country,2024,34.062721
FEDOECD,OECD federal countries,1965,25.902377
FEDOECD,OECD federal countries,1966,26.543343
FEDOECD,OECD federal countries,1967,27.003821
FEDOECD,OECD federal countries,1968,27.251678
FEDOECD,OECD federal countries,1969,28.397461
FEDOECD,OECD federal countries,1970,27.588307
FEDOECD,OECD federal countries,1971,27.65597
FEDOECD,OECD federal countries,1972,28.043938
FEDOECD,OECD federal countries,1973,28.793831
FEDOECD,OECD federal countries,1974,29.915634
FEDOECD,OECD federal countries,1975,30.389959
FEDOECD,OECD federal countries,1976,30.569316
FEDOECD,OECD federal countries,1977,31.165479
FEDOECD,OECD federal countries,1978,31.345116
FEDOECD,OECD federal countries,1979,31.357293
FEDOECD,OECD federal countries,1980,29.256014
FEDOECD,OECD federal countries,1981,29.659921
FEDOECD,OECD federal countries,1982,29.732646
FEDOECD,OECD federal countries,1983,29.623924
FEDOECD,OECD federal countries,1984,30.111698
FEDOECD,OECD federal countries,1985,30.204405
FEDOECD,OECD federal countries,1986,30.350642
FEDOECD,OECD federal countries,1987,30.780195
FEDOECD,OECD federal countries,1988,30.437864
FEDOECD,OECD federal countries,1989,30.219185
FEDOECD,OECD federal countries,1990,29.939775
FEDOECD,OECD federal countries,1991,29.870684
FEDOECD,OECD federal countries,1992,30.099855
FEDOECD,OECD federal countries,1993,30.306218
FEDOECD,OECD federal countries,1994,30.602999
FEDOECD,OECD federal countries,1995,30.550301
FEDOECD,OECD federal countries,1996,30.930665
FEDOECD,OECD federal countries,1997,31.216479
FEDOECD,OECD federal countries,1998,31.577726
FEDOECD,OECD federal countries,1999,31.727032
FEDOECD,OECD federal countries,2000,31.708636
FEDOECD,OECD federal countries,2001,31.335877
FEDOECD,OECD federal countries,2002,30.9831
FEDOECD,OECD federal countries,2003,30.706379
FEDOECD,OECD federal countries,2004,30.548744
FEDOECD,OECD federal countries,2005,30.511292
FEDOECD,OECD federal countries,2006,30.506085
FEDOECD,OECD federal countries,2007,30.562236
FEDOECD,OECD federal countries,2008,30.299965
FEDOECD,OECD federal countries,2009,29.876435
FEDOECD,OECD federal countries,2010,29.617698
FEDOECD,OECD federal countries,2011,29.910996
FEDOECD,OECD federal countries,2012,30.372694
FEDOECD,OECD federal countries,2013,30.931198
FEDOECD,OECD federal countries,2014,31.039322
FEDOECD,OECD federal countries,2015,31.775896
FEDOECD,OECD federal countries,2016,31.630579
FEDOECD,OECD federal countries,2017,31.932779
FEDOECD,OECD federal countries,2018,31.843145
FEDOECD,OECD federal countries,2019,31.644743
FEDOECD,OECD federal countries,2020,31.976335
FEDOECD,OECD federal countries,2021,32.535277
FEDOECD,OECD federal countries,2022,32.225578
FEDOECD,OECD federal countries,2023,32.08896
UNIOECD,OECD unitary countries,1965,25.070397
UNIOECD,OECD unitary countries,1966,25.667654
UNIOECD,OECD unitary countries,1967,26.598379
UNIOECD,OECD unitary countries,1968,26.929778
UNIOECD,OECD unitary countries,1969,27.214403
UNIOECD,OECD unitary countries,1970,27.055996
UNIOECD,OECD unitary countries,1971,27.901523
UNIOECD,OECD unitary countries,1972,27.086874
UNIOECD,OECD unitary countries,1973,26.966078
UNIOECD,OECD unitary countries,1974,27.733524
UNIOECD,OECD unitary countries,1975,28.549112
UNIOECD,OECD unitary countries,1976,29.781158
UNIOECD,OECD unitary countries,1977,30.422008
UNIOECD,OECD unitary countries,1978,30.123518
UNIOECD,OECD unitary countries,1979,29.948102
UNIOECD,OECD unitary countries,1980,30.879252
UNIOECD,OECD unitary countries,1981,31.615532
UNIOECD,OECD unitary countries,1982,32.147204
UNIOECD,OECD unitary countries,1983,32.353749
UNIOECD,OECD unitary countries,1984,32.149296
UNIOECD,OECD unitary countries,1985,32.45636
UNIOECD,OECD unitary countries,1986,33.147108
UNIOECD,OECD unitary countries,1987,33.536019
UNIOECD,OECD unitary countries,1988,33.658645
UNIOECD,OECD unitary countries,1989,33.321034
UNIOECD,OECD unitary countries,1990,32.146867
UNIOECD,OECD unitary countries,1991,32.574728
UNIOECD,OECD unitary countries,1992,32.865445
UNIOECD,OECD unitary countries,1993,33.304866
UNIOECD,OECD unitary countries,1994,33.177273
UNIOECD,OECD unitary countries,1995,33.158817
UNIOECD,OECD unitary countries,1996,33.316897
UNIOECD,OECD unitary countries,1997,33.531825
UNIOECD,OECD unitary countries,1998,33.643966
UNIOECD,OECD unitary countries,1999,33.922286
UNIOECD,OECD unitary countries,2000,33.87791
UNIOECD,OECD unitary countries,2001,33.303775
UNIOECD,OECD unitary countries,2002,33.156609
UNIOECD,OECD unitary countries,2003,33.082076
UNIOECD,OECD unitary countries,2004,33.07018
UNIOECD,OECD unitary countries,2005,33.667137
UNIOECD,OECD unitary countries,2006,33.780317
UNIOECD,OECD unitary countries,2007,33.875805
UNIOECD,OECD unitary countries,2008,33.281407
UNIOECD,OECD unitary countries,2009,32.465356
UNIOECD,OECD unitary countries,2010,32.558798
UNIOECD,OECD unitary countries,2011,32.957506
UNIOECD,OECD unitary countries,2012,33.387023
UNIOECD,OECD unitary countries,2013,33.573781
UNIOECD,OECD unitary countries,2014,33.824107
UNIOECD,OECD unitary countries,2015,33.692639
UNIOECD,OECD unitary countries,2016,34.633994
UNIOECD,OECD unitary countries,2017,34.211786
UNIOECD,OECD unitary countries,2018,34.340335
UNIOECD,OECD unitary countries,2019,34.285728
UNIOECD,OECD unitary countries,2020,34.305093
UNIOECD,OECD unitary countries,2021,34.8557
UNIOECD,OECD unitary countries,2022,34.87328
UNIOECD,OECD unitary countries,2023,34.521223
POL,Poland,1991,33.860692
POL,Poland,1992,36.000967
POL,Poland,1993,39.025121
POL,Poland,1994,36.259686
POL,Poland,1995,36.437045
POL,Poland,1996,36.413896
POL,Poland,1997,35.938391
POL,Poland,1998,35.147642
POL,Poland,1999,34.818068
POL,Poland,2000,32.73236
POL,Poland,2001,32.671892
POL,Poland,2002,32.86612
POL,Poland,2003,32.333962
POL,Poland,2004,31.790206
POL,Poland,2005,32.872878
POL,Poland,2006,33.50814
POL,Poland,2007,34.578327
POL,Poland,2008,34.151776
POL,Poland,2009,31.285711
POL,Poland,2010,31.439947
POL,Poland,2011,31.855864
POL,Poland,2012,32.188662
POL,Poland,2013,32.243944
POL,Poland,2014,32.089745
POL,Poland,2015,32.274846
POL,Poland,2016,33.326652
POL,Poland,2017,33.998486
POL,Poland,2018,34.717243
POL,Poland,2019,34.786072
POL,Poland,2020,35.180111
POL,Poland,2021,36.306536
POL,Poland,2022,34.090137
POL,Poland,2023,34.947211
POL,Poland,2024,36.64229
PRT,Portugal,1965,15.669209
PRT,Portugal,1966,16.069978
PRT,Portugal,1967,16.724506
PRT,Portugal,1968,16.766155
PRT,Portugal,1969,17.425968
PRT,Portugal,1970,17.585236
PRT,Portugal,1971,17.339189
PRT,Portugal,1972,17.121538
PRT,Portugal,1973,16.727352
PRT,Portugal,1974,17.134952
PRT,Portugal,1975,18.856017
PRT,Portugal,1976,20.475305
PRT,Portugal,1977,20.886893
PRT,Portugal,1978,20.172091
PRT,Portugal,1979,19.868011
PRT,Portugal,1980,21.886303
PRT,Portugal,1981,23.151297
PRT,Portugal,1982,23.741081
PRT,Portugal,1983,25.103152
PRT,Portugal,1984,24.59369
PRT,Portugal,1985,24.124501
PRT,Portugal,1986,25.4571
PRT,Portugal,1987,23.99052
PRT,Portugal,1988,25.629982
PRT,Portugal,1989,26.285951
PRT,Portugal,1990,26.486098
PRT,Portugal,1991,27.530075
PRT,Portugal,1992,29.454448
PRT,Portugal,1993,28.029055
PRT,Portugal,1994,28.804462
PRT,Portugal,1995,29.183749
PRT,Portugal,1996,29.861982
PRT,Portugal,1997,29.798769
PRT,Portugal,1998,30.027592
PRT,Portugal,1999,30.847862
PRT,Portugal,2000,30.921449
PRT,Portugal,2001,30.713538
PRT,Portugal,2002,31.15086
PRT,Portugal,2003,30.122261
PRT,Portugal,2004,30.244351
PRT,Portugal,2005,30.959104
PRT,Portugal,2006,31.421458
PRT,Portugal,2007,31.867252
SVK,Slovak Republic,1995,38.968554
SVK,Slovak Republic,1996,38.203538
SVK,Slovak Republic,1997,36.298109
SVK,Slovak Republic,1998,35.952155
SVK,Slovak Republic,1999,34.807366
SVK,Slovak Republic,2000,33.663493
SVK,Slovak Republic,2001,32.760222
SVK,Slovak Republic,2002,32.878597
SVK,Slovak Republic,2003,32.76392
SVK,Slovak Republic,2004,31.65316
SVK,Slovak Republic,2005,31.41975
SVK,Slovak Republic,2006,29.341904
SVK,Slovak Republic,2007,29.210845
SVK,Slovak Republic,2008,29.080249
SVK,Slovak Republic,2009,28.908818
SVK,Slovak Republic,2010,27.877657
SVK,Slovak Republic,2011,28.938593
SVK,Slovak Republic,2012,28.679931
SVK,Slovak Republic,2013,30.922644
SVK,Slovak Republic,2014,31.774546
SVK,Slovak Republic,2015,32.40876
SVK,Slovak Republic,2016,32.926545
SVK,Slovak Republic,2017,33.8501
SVK,Slovak Republic,2018,33.875734
SVK,Slovak Republic,2019,34.490994
SVK,Slovak Republic,2020,34.457205
SVK,Slovak Republic,2021,34.821612
SVK,Slovak Republic,2022,35.14035
SVK,Slovak Republic,2023,35.05424
SVK,Slovak Republic,2024,35.551369
SVN,Slovenia,1995,39.10994
SVN,Slovenia,1996,38.200202
SVN,Slovenia,1997,37.10723
SVN,Slovenia,1998,37.94835
SVN,Slovenia,1999,38.332467
SVN,Slovenia,2000,37.856971
SVN,Slovenia,2001,38.084297
SVN,Slovenia,2002,38.678487
SVN,Slovenia,2003,38.730619
SVN,Slovenia,2004,38.743368
SVN,Slovenia,2005,39.401212
SVN,Slovenia,2006,38.879386
SVN,Slovenia,2007,38.161474
SVN,Slovenia,2008,37.456853
SVN,Slovenia,2009,37.639048
SVN,Slovenia,2010,38.37701
SVN,Slovenia,2011,37.861191
SVN,Slovenia,2012,38.099501
SVN,Slovenia,2013,37.989079
SVN,Slovenia,2014,37.887111
SVN,Slovenia,2015,38.139943
SVN,Slovenia,2016,38.188122
SVN,Slovenia,2017,37.931385
SVN,Slovenia,2018,38.069898
SVN,Slovenia,2019,37.920571
SVN,Slovenia,2020,37.880532
SVN,Slovenia,2021,38.545185
SVN,Slovenia,2022,37.625729
SVN,Slovenia,2023,36.36232
SVN,Slovenia,2024,38.296929
ESP,Spain,1973,17.161016
ESP,Spain,1974,16.597345
ESP,Spain,1975,17.917149
ESP,Spain,1976,17.907163
ESP,Spain,1977,19.670302
ESP,Spain,1978,20.880914
ESP,Spain,1979,21.384318
ESP,Spain,1980,21.951653
ESP,Spain,1981,23.155232
ESP,Spain,1982,23.437846
ESP,Spain,1983,25.305857
ESP,Spain,1984,25.645138
ESP,Spain,1985,26.783401
ESP,Spain,1986,28.141912
ESP,Spain,1987,29.901922
ESP,Spain,1988,30.040637
ESP,Spain,1989,31.760283
ESP,Spain,1990,31.559911
ESP,Spain,1991,31.831083
ESP,Spain,1992,32.834444
ESP,Spain,1993,31.887905
ESP,Spain,1994,31.920457
ESP,Spain,1995,31.318888
ESP,Spain,1996,31.115706
ESP,Spain,1997,31.956699
ESP,Spain,1998,32.774377
ESP,Spain,1999,33.150551
ESP,Spain,2000,33.05254
ESP,Spain,2001,32.784561
ESP,Spain,2002,33.224807
ESP,Spain,2003,33.065606
ESP,Spain,2004,33.998133
ESP,Spain,2005,35.193865
ESP,Spain,2006,35.941654
ESP,Spain,2007,36.330311
ESP,Spain,2008,32.005821
ESP,Spain,2009,29.567936
ESP,Spain,2010,31.14706
ESP,Spain,2011,31.038374
ESP,Spain,2012,32.209903
ESP,Spain,2013,32.93661
ESP,Spain,2014,33.654106
ESP,Spain,2015,33.537207
ESP,Spain,2016,33.318254
ESP,Spain,2017,33.634182
ESP,Spain,2018,34.405944
ESP,Spain,2019,34.439464
ESP,Spain,2020,36.514425
ESP,Spain,2021,37.412685
ESP,Spain,2022,36.751043
ESP,Spain,2023,36.414221
ESP,Spain,2024,36.682055
SWE,Sweden,2018,44.242975
SWE,Sweden,2019,43.074306
SWE,Sweden,2020,42.649321
SWE,Sweden,2021,43.132529
SWE,Sweden,2022,42.868507
SWE,Sweden,2023,41.708097
SWE,Sweden,2024,41.437904
CHE,Switzerland,1965,16.034024
CHE,Switzerland,1966,16.633005
CHE,Switzerland,1967,16.635966
CHE,Switzerland,1968,17.395822
CHE,Switzerland,1969,18.31245
CHE,Switzerland,1970,17.636854
CHE,Switzerland,1971,17.37435
CHE,Switzerland,1972,17.711119
CHE,Switzerland,1973,19.52226
CHE,Switzerland,1974,20.268975
CHE,Switzerland,1975,21.83533
CHE,Switzerland,1976,23.075541
CHE,Switzerland,1977,23.253826
CHE,Switzerland,1978,23.192576
CHE,Switzerland,1979,22.795471
CHE,Switzerland,1980,22.586044
CHE,Switzerland,1981,22.657376
CHE,Switzerland,1982,22.956037
CHE,Switzerland,1983,23.4793
CHE,Switzerland,1984,23.645816
CHE,Switzerland,1985,23.12555
CHE,Switzerland,1986,24.064347
CHE,Switzerland,1987,23.800302
CHE,Switzerland,1988,24.066854
CHE,Switzerland,1989,23.372376
CHE,Switzerland,1990,23.16713
CHE,Switzerland,1991,23.025987
CHE,Switzerland,1992,23.457687
CHE,Switzerland,1993,23.998353
CHE,Switzerland,1994,24.410061
CHE,Switzerland,1995,24.968071
CHE,Switzerland,1996,25.425053
CHE,Switzerland,1997,25.103097
CHE,Switzerland,1998,25.828542
CHE,Switzerland,1999,26.047566
CHE,Switzerland,2000,27.033142
CHE,Switzerland,2001,26.346707
CHE,Switzerland,2002,26.95116
CHE,Switzerland,2003,26.278828
CHE,Switzerland,2004,25.988617
CHE,Switzerland,2005,25.950986
CHE,Switzerland,2006,25.71081
CHE,Switzerland,2007,25.542692
CHE,Switzerland,2008,25.922226
CHE,Switzerland,2009,26.267834
CHE,Switzerland,2010,25.816394
CHE,Switzerland,2011,26.180407
CHE,Switzerland,2012,26.093015
CHE,Switzerland,2013,26.246404
CHE,Switzerland,2014,26.188539
CHE,Switzerland,2015,26.956296
CHE,Switzerland,2016,26.938086
CHE,Switzerland,2017,27.716094
CHE,Switzerland,2018,27.182466
CHE,Switzerland,2019,27.66037
CHE,Switzerland,2020,27.912231
CHE,Switzerland,2021,27.969234
CHE,Switzerland,2022,26.631898
CHE,Switzerland,2023,26.898372
CHE,Switzerland,2024,27.169048
TUR,Türkiye,1965,10.587963
TUR,Türkiye,1966,10.63876
TUR,Türkiye,1967,11.434965
TUR,Türkiye,1968,11.264151
TUR,Türkiye,1969,12.142938
TUR,Türkiye,1970,9.047183
TUR,Türkiye,1971,10.402279
TUR,Türkiye,1972,10.580238
TUR,Türkiye,1973,10.995644
TUR,Türkiye,1974,10.268017
TUR,Türkiye,1975,11.601185
TUR,Türkiye,1976,11.844285
TUR,Türkiye,1977,12.377483
TUR,Türkiye,1978,12.079137
TUR,Türkiye,1979,11.426502
TUR,Türkiye,1980,13.023994
TUR,Türkiye,1981,13.799881
TUR,Türkiye,1982,13.364501
TUR,Türkiye,1983,12.473508
TUR,Türkiye,1984,10.406989
TUR,Türkiye,1985,11.209113
TUR,Türkiye,1986,12.726754
TUR,Türkiye,1987,13.657879
TUR,Türkiye,1988,12.921576
TUR,Türkiye,1989,13.557406
TUR,Türkiye,1990,14.537016
TUR,Türkiye,1991,15.235289
TUR,Türkiye,1992,16.282459
TUR,Türkiye,1993,16.456597
TUR,Türkiye,1994,16.144523
TUR,Türkiye,1995,16.378292
TUR,Türkiye,1996,18.451004
TUR,Türkiye,1997,20.229096
TUR,Türkiye,1998,20.600007
TUR,Türkiye,1999,22.545697
TUR,Türkiye,2000,23.477758
TUR,Türkiye,2001,25.361192
TUR,Türkiye,2002,23.826239
TUR,Türkiye,2003,24.978957
TUR,Türkiye,2004,23.088342
TUR,Türkiye,2005,23.140107
TUR,Türkiye,2006,23.371448
TUR,Türkiye,2007,22.873709
TUR,Türkiye,2008,22.96121
TUR,Türkiye,2009,23.318264
TUR,Türkiye,2010,24.653785
TUR,Türkiye,2011,25.706145
TUR,Türkiye,2012,24.759869
TUR,Türkiye,2013,25.155803
TUR,Türkiye,2014,24.457241
TUR,Türkiye,2015,24.956897
TUR,Türkiye,2016,25.128206
TUR,Türkiye,2017,24.680259
TUR,Türkiye,2018,23.968235
TUR,Türkiye,2019,23.103163
TUR,Türkiye,2020,23.860801
TUR,Türkiye,2021,22.913953
TUR,Türkiye,2022,20.945333
TUR,Türkiye,2023,23.216834
TUR,Türkiye,2024,23.954049
GBR,United Kingdom,1965,30.096794
GBR,United Kingdom,1966,30.807716
GBR,United Kingdom,1967,32.519531
GBR,United Kingdom,1968,33.35412
GBR,United Kingdom,1969,34.896037
GBR,United Kingdom,1970,35.040679
GBR,United Kingdom,1971,33.136707
USA,United States,2020,25.505948
USA,United States,2021,26.828409
USA,United States,2022,28.045814
USA,United States,2023,25.633877
USA,United States,2024,25.618333
